--
-- PostgreSQL database dump
--

-- Dumped from database version 9.5.14
-- Dumped by pg_dump version 9.5.14

SET statement_timeout = 0;
SET lock_timeout = 0;
SET client_encoding = 'UTF8';
SET standard_conforming_strings = on;
SELECT pg_catalog.set_config('search_path', '', false);
SET check_function_bodies = false;
SET client_min_messages = warning;
SET row_security = off;

--
-- Name: plpgsql; Type: EXTENSION; Schema: -; Owner: 
--

CREATE EXTENSION IF NOT EXISTS plpgsql WITH SCHEMA pg_catalog;


--
-- Name: EXTENSION plpgsql; Type: COMMENT; Schema: -; Owner: 
--

COMMENT ON EXTENSION plpgsql IS 'PL/pgSQL procedural language';


--
-- Name: postgis; Type: EXTENSION; Schema: -; Owner: 
--

CREATE EXTENSION IF NOT EXISTS postgis WITH SCHEMA public;


--
-- Name: EXTENSION postgis; Type: COMMENT; Schema: -; Owner: 
--

COMMENT ON EXTENSION postgis IS 'PostGIS geometry, geography, and raster spatial types and functions';


SET default_tablespace = '';

SET default_with_oids = false;

--
-- Name: auth_group; Type: TABLE; Schema: public; Owner: liz
--

CREATE TABLE public.auth_group (
    id integer NOT NULL,
    name character varying(80) NOT NULL
);


ALTER TABLE public.auth_group OWNER TO liz;

--
-- Name: auth_group_id_seq; Type: SEQUENCE; Schema: public; Owner: liz
--

CREATE SEQUENCE public.auth_group_id_seq
    START WITH 1
    INCREMENT BY 1
    NO MINVALUE
    NO MAXVALUE
    CACHE 1;


ALTER TABLE public.auth_group_id_seq OWNER TO liz;

--
-- Name: auth_group_id_seq; Type: SEQUENCE OWNED BY; Schema: public; Owner: liz
--

ALTER SEQUENCE public.auth_group_id_seq OWNED BY public.auth_group.id;


--
-- Name: auth_group_permissions; Type: TABLE; Schema: public; Owner: liz
--

CREATE TABLE public.auth_group_permissions (
    id integer NOT NULL,
    group_id integer NOT NULL,
    permission_id integer NOT NULL
);


ALTER TABLE public.auth_group_permissions OWNER TO liz;

--
-- Name: auth_group_permissions_id_seq; Type: SEQUENCE; Schema: public; Owner: liz
--

CREATE SEQUENCE public.auth_group_permissions_id_seq
    START WITH 1
    INCREMENT BY 1
    NO MINVALUE
    NO MAXVALUE
    CACHE 1;


ALTER TABLE public.auth_group_permissions_id_seq OWNER TO liz;

--
-- Name: auth_group_permissions_id_seq; Type: SEQUENCE OWNED BY; Schema: public; Owner: liz
--

ALTER SEQUENCE public.auth_group_permissions_id_seq OWNED BY public.auth_group_permissions.id;


--
-- Name: auth_permission; Type: TABLE; Schema: public; Owner: liz
--

CREATE TABLE public.auth_permission (
    id integer NOT NULL,
    name character varying(255) NOT NULL,
    content_type_id integer NOT NULL,
    codename character varying(100) NOT NULL
);


ALTER TABLE public.auth_permission OWNER TO liz;

--
-- Name: auth_permission_id_seq; Type: SEQUENCE; Schema: public; Owner: liz
--

CREATE SEQUENCE public.auth_permission_id_seq
    START WITH 1
    INCREMENT BY 1
    NO MINVALUE
    NO MAXVALUE
    CACHE 1;


ALTER TABLE public.auth_permission_id_seq OWNER TO liz;

--
-- Name: auth_permission_id_seq; Type: SEQUENCE OWNED BY; Schema: public; Owner: liz
--

ALTER SEQUENCE public.auth_permission_id_seq OWNED BY public.auth_permission.id;


--
-- Name: auth_user; Type: TABLE; Schema: public; Owner: liz
--

CREATE TABLE public.auth_user (
    id integer NOT NULL,
    password character varying(128) NOT NULL,
    last_login timestamp with time zone,
    is_superuser boolean NOT NULL,
    username character varying(150) NOT NULL,
    first_name character varying(30) NOT NULL,
    last_name character varying(30) NOT NULL,
    email character varying(254) NOT NULL,
    is_staff boolean NOT NULL,
    is_active boolean NOT NULL,
    date_joined timestamp with time zone NOT NULL
);


ALTER TABLE public.auth_user OWNER TO liz;

--
-- Name: auth_user_groups; Type: TABLE; Schema: public; Owner: liz
--

CREATE TABLE public.auth_user_groups (
    id integer NOT NULL,
    user_id integer NOT NULL,
    group_id integer NOT NULL
);


ALTER TABLE public.auth_user_groups OWNER TO liz;

--
-- Name: auth_user_groups_id_seq; Type: SEQUENCE; Schema: public; Owner: liz
--

CREATE SEQUENCE public.auth_user_groups_id_seq
    START WITH 1
    INCREMENT BY 1
    NO MINVALUE
    NO MAXVALUE
    CACHE 1;


ALTER TABLE public.auth_user_groups_id_seq OWNER TO liz;

--
-- Name: auth_user_groups_id_seq; Type: SEQUENCE OWNED BY; Schema: public; Owner: liz
--

ALTER SEQUENCE public.auth_user_groups_id_seq OWNED BY public.auth_user_groups.id;


--
-- Name: auth_user_id_seq; Type: SEQUENCE; Schema: public; Owner: liz
--

CREATE SEQUENCE public.auth_user_id_seq
    START WITH 1
    INCREMENT BY 1
    NO MINVALUE
    NO MAXVALUE
    CACHE 1;


ALTER TABLE public.auth_user_id_seq OWNER TO liz;

--
-- Name: auth_user_id_seq; Type: SEQUENCE OWNED BY; Schema: public; Owner: liz
--

ALTER SEQUENCE public.auth_user_id_seq OWNED BY public.auth_user.id;


--
-- Name: auth_user_user_permissions; Type: TABLE; Schema: public; Owner: liz
--

CREATE TABLE public.auth_user_user_permissions (
    id integer NOT NULL,
    user_id integer NOT NULL,
    permission_id integer NOT NULL
);


ALTER TABLE public.auth_user_user_permissions OWNER TO liz;

--
-- Name: auth_user_user_permissions_id_seq; Type: SEQUENCE; Schema: public; Owner: liz
--

CREATE SEQUENCE public.auth_user_user_permissions_id_seq
    START WITH 1
    INCREMENT BY 1
    NO MINVALUE
    NO MAXVALUE
    CACHE 1;


ALTER TABLE public.auth_user_user_permissions_id_seq OWNER TO liz;

--
-- Name: auth_user_user_permissions_id_seq; Type: SEQUENCE OWNED BY; Schema: public; Owner: liz
--

ALTER SEQUENCE public.auth_user_user_permissions_id_seq OWNED BY public.auth_user_user_permissions.id;


--
-- Name: django_admin_log; Type: TABLE; Schema: public; Owner: liz
--

CREATE TABLE public.django_admin_log (
    id integer NOT NULL,
    action_time timestamp with time zone NOT NULL,
    object_id text,
    object_repr character varying(200) NOT NULL,
    action_flag smallint NOT NULL,
    change_message text NOT NULL,
    content_type_id integer,
    user_id integer NOT NULL,
    CONSTRAINT django_admin_log_action_flag_check CHECK ((action_flag >= 0))
);


ALTER TABLE public.django_admin_log OWNER TO liz;

--
-- Name: django_admin_log_id_seq; Type: SEQUENCE; Schema: public; Owner: liz
--

CREATE SEQUENCE public.django_admin_log_id_seq
    START WITH 1
    INCREMENT BY 1
    NO MINVALUE
    NO MAXVALUE
    CACHE 1;


ALTER TABLE public.django_admin_log_id_seq OWNER TO liz;

--
-- Name: django_admin_log_id_seq; Type: SEQUENCE OWNED BY; Schema: public; Owner: liz
--

ALTER SEQUENCE public.django_admin_log_id_seq OWNED BY public.django_admin_log.id;


--
-- Name: django_content_type; Type: TABLE; Schema: public; Owner: liz
--

CREATE TABLE public.django_content_type (
    id integer NOT NULL,
    app_label character varying(100) NOT NULL,
    model character varying(100) NOT NULL
);


ALTER TABLE public.django_content_type OWNER TO liz;

--
-- Name: django_content_type_id_seq; Type: SEQUENCE; Schema: public; Owner: liz
--

CREATE SEQUENCE public.django_content_type_id_seq
    START WITH 1
    INCREMENT BY 1
    NO MINVALUE
    NO MAXVALUE
    CACHE 1;


ALTER TABLE public.django_content_type_id_seq OWNER TO liz;

--
-- Name: django_content_type_id_seq; Type: SEQUENCE OWNED BY; Schema: public; Owner: liz
--

ALTER SEQUENCE public.django_content_type_id_seq OWNED BY public.django_content_type.id;


--
-- Name: django_migrations; Type: TABLE; Schema: public; Owner: liz
--

CREATE TABLE public.django_migrations (
    id integer NOT NULL,
    app character varying(255) NOT NULL,
    name character varying(255) NOT NULL,
    applied timestamp with time zone NOT NULL
);


ALTER TABLE public.django_migrations OWNER TO liz;

--
-- Name: django_migrations_id_seq; Type: SEQUENCE; Schema: public; Owner: liz
--

CREATE SEQUENCE public.django_migrations_id_seq
    START WITH 1
    INCREMENT BY 1
    NO MINVALUE
    NO MAXVALUE
    CACHE 1;


ALTER TABLE public.django_migrations_id_seq OWNER TO liz;

--
-- Name: django_migrations_id_seq; Type: SEQUENCE OWNED BY; Schema: public; Owner: liz
--

ALTER SEQUENCE public.django_migrations_id_seq OWNED BY public.django_migrations.id;


--
-- Name: django_session; Type: TABLE; Schema: public; Owner: liz
--

CREATE TABLE public.django_session (
    session_key character varying(40) NOT NULL,
    session_data text NOT NULL,
    expire_date timestamp with time zone NOT NULL
);


ALTER TABLE public.django_session OWNER TO liz;

--
-- Name: farmapp_detect; Type: TABLE; Schema: public; Owner: liz
--

CREATE TABLE public.farmapp_detect (
    id integer NOT NULL,
    location text NOT NULL,
    disease_id integer NOT NULL
);


ALTER TABLE public.farmapp_detect OWNER TO liz;

--
-- Name: farmapp_detect_id_seq; Type: SEQUENCE; Schema: public; Owner: liz
--

CREATE SEQUENCE public.farmapp_detect_id_seq
    START WITH 1
    INCREMENT BY 1
    NO MINVALUE
    NO MAXVALUE
    CACHE 1;


ALTER TABLE public.farmapp_detect_id_seq OWNER TO liz;

--
-- Name: farmapp_detect_id_seq; Type: SEQUENCE OWNED BY; Schema: public; Owner: liz
--

ALTER SEQUENCE public.farmapp_detect_id_seq OWNED BY public.farmapp_detect.id;


--
-- Name: farmapp_diseases; Type: TABLE; Schema: public; Owner: liz
--

CREATE TABLE public.farmapp_diseases (
    id integer NOT NULL,
    name text NOT NULL,
    "Image" character varying(100) NOT NULL,
    control text NOT NULL,
    symptoms text NOT NULL
);


ALTER TABLE public.farmapp_diseases OWNER TO liz;

--
-- Name: farmapp_diseases_id_seq; Type: SEQUENCE; Schema: public; Owner: liz
--

CREATE SEQUENCE public.farmapp_diseases_id_seq
    START WITH 1
    INCREMENT BY 1
    NO MINVALUE
    NO MAXVALUE
    CACHE 1;


ALTER TABLE public.farmapp_diseases_id_seq OWNER TO liz;

--
-- Name: farmapp_diseases_id_seq; Type: SEQUENCE OWNED BY; Schema: public; Owner: liz
--

ALTER SEQUENCE public.farmapp_diseases_id_seq OWNED BY public.farmapp_diseases.id;


--
-- Name: farmapp_image; Type: TABLE; Schema: public; Owner: liz
--

CREATE TABLE public.farmapp_image (
    id integer NOT NULL,
    location character varying(255) NOT NULL,
    pic character varying(100) NOT NULL
);


ALTER TABLE public.farmapp_image OWNER TO liz;

--
-- Name: farmapp_image_id_seq; Type: SEQUENCE; Schema: public; Owner: liz
--

CREATE SEQUENCE public.farmapp_image_id_seq
    START WITH 1
    INCREMENT BY 1
    NO MINVALUE
    NO MAXVALUE
    CACHE 1;


ALTER TABLE public.farmapp_image_id_seq OWNER TO liz;

--
-- Name: farmapp_image_id_seq; Type: SEQUENCE OWNED BY; Schema: public; Owner: liz
--

ALTER SEQUENCE public.farmapp_image_id_seq OWNED BY public.farmapp_image.id;


--
-- Name: farmapp_profile; Type: TABLE; Schema: public; Owner: liz
--

CREATE TABLE public.farmapp_profile (
    id integer NOT NULL,
    email character varying(254),
    user_id integer NOT NULL,
    bio text NOT NULL,
    location character varying(30) NOT NULL
);


ALTER TABLE public.farmapp_profile OWNER TO liz;

--
-- Name: farmapp_profile_id_seq; Type: SEQUENCE; Schema: public; Owner: liz
--

CREATE SEQUENCE public.farmapp_profile_id_seq
    START WITH 1
    INCREMENT BY 1
    NO MINVALUE
    NO MAXVALUE
    CACHE 1;


ALTER TABLE public.farmapp_profile_id_seq OWNER TO liz;

--
-- Name: farmapp_profile_id_seq; Type: SEQUENCE OWNED BY; Schema: public; Owner: liz
--

ALTER SEQUENCE public.farmapp_profile_id_seq OWNED BY public.farmapp_profile.id;


--
-- Name: social_auth_association; Type: TABLE; Schema: public; Owner: liz
--

CREATE TABLE public.social_auth_association (
    id integer NOT NULL,
    server_url character varying(255) NOT NULL,
    handle character varying(255) NOT NULL,
    secret character varying(255) NOT NULL,
    issued integer NOT NULL,
    lifetime integer NOT NULL,
    assoc_type character varying(64) NOT NULL
);


ALTER TABLE public.social_auth_association OWNER TO liz;

--
-- Name: social_auth_association_id_seq; Type: SEQUENCE; Schema: public; Owner: liz
--

CREATE SEQUENCE public.social_auth_association_id_seq
    START WITH 1
    INCREMENT BY 1
    NO MINVALUE
    NO MAXVALUE
    CACHE 1;


ALTER TABLE public.social_auth_association_id_seq OWNER TO liz;

--
-- Name: social_auth_association_id_seq; Type: SEQUENCE OWNED BY; Schema: public; Owner: liz
--

ALTER SEQUENCE public.social_auth_association_id_seq OWNED BY public.social_auth_association.id;


--
-- Name: social_auth_code; Type: TABLE; Schema: public; Owner: liz
--

CREATE TABLE public.social_auth_code (
    id integer NOT NULL,
    email character varying(254) NOT NULL,
    code character varying(32) NOT NULL,
    verified boolean NOT NULL,
    "timestamp" timestamp with time zone NOT NULL
);


ALTER TABLE public.social_auth_code OWNER TO liz;

--
-- Name: social_auth_code_id_seq; Type: SEQUENCE; Schema: public; Owner: liz
--

CREATE SEQUENCE public.social_auth_code_id_seq
    START WITH 1
    INCREMENT BY 1
    NO MINVALUE
    NO MAXVALUE
    CACHE 1;


ALTER TABLE public.social_auth_code_id_seq OWNER TO liz;

--
-- Name: social_auth_code_id_seq; Type: SEQUENCE OWNED BY; Schema: public; Owner: liz
--

ALTER SEQUENCE public.social_auth_code_id_seq OWNED BY public.social_auth_code.id;


--
-- Name: social_auth_nonce; Type: TABLE; Schema: public; Owner: liz
--

CREATE TABLE public.social_auth_nonce (
    id integer NOT NULL,
    server_url character varying(255) NOT NULL,
    "timestamp" integer NOT NULL,
    salt character varying(65) NOT NULL
);


ALTER TABLE public.social_auth_nonce OWNER TO liz;

--
-- Name: social_auth_nonce_id_seq; Type: SEQUENCE; Schema: public; Owner: liz
--

CREATE SEQUENCE public.social_auth_nonce_id_seq
    START WITH 1
    INCREMENT BY 1
    NO MINVALUE
    NO MAXVALUE
    CACHE 1;


ALTER TABLE public.social_auth_nonce_id_seq OWNER TO liz;

--
-- Name: social_auth_nonce_id_seq; Type: SEQUENCE OWNED BY; Schema: public; Owner: liz
--

ALTER SEQUENCE public.social_auth_nonce_id_seq OWNED BY public.social_auth_nonce.id;


--
-- Name: social_auth_partial; Type: TABLE; Schema: public; Owner: liz
--

CREATE TABLE public.social_auth_partial (
    id integer NOT NULL,
    token character varying(32) NOT NULL,
    next_step smallint NOT NULL,
    backend character varying(32) NOT NULL,
    data text NOT NULL,
    "timestamp" timestamp with time zone NOT NULL,
    CONSTRAINT social_auth_partial_next_step_check CHECK ((next_step >= 0))
);


ALTER TABLE public.social_auth_partial OWNER TO liz;

--
-- Name: social_auth_partial_id_seq; Type: SEQUENCE; Schema: public; Owner: liz
--

CREATE SEQUENCE public.social_auth_partial_id_seq
    START WITH 1
    INCREMENT BY 1
    NO MINVALUE
    NO MAXVALUE
    CACHE 1;


ALTER TABLE public.social_auth_partial_id_seq OWNER TO liz;

--
-- Name: social_auth_partial_id_seq; Type: SEQUENCE OWNED BY; Schema: public; Owner: liz
--

ALTER SEQUENCE public.social_auth_partial_id_seq OWNED BY public.social_auth_partial.id;


--
-- Name: social_auth_usersocialauth; Type: TABLE; Schema: public; Owner: liz
--

CREATE TABLE public.social_auth_usersocialauth (
    id integer NOT NULL,
    provider character varying(32) NOT NULL,
    uid character varying(255) NOT NULL,
    extra_data text NOT NULL,
    user_id integer NOT NULL
);


ALTER TABLE public.social_auth_usersocialauth OWNER TO liz;

--
-- Name: social_auth_usersocialauth_id_seq; Type: SEQUENCE; Schema: public; Owner: liz
--

CREATE SEQUENCE public.social_auth_usersocialauth_id_seq
    START WITH 1
    INCREMENT BY 1
    NO MINVALUE
    NO MAXVALUE
    CACHE 1;


ALTER TABLE public.social_auth_usersocialauth_id_seq OWNER TO liz;

--
-- Name: social_auth_usersocialauth_id_seq; Type: SEQUENCE OWNED BY; Schema: public; Owner: liz
--

ALTER SEQUENCE public.social_auth_usersocialauth_id_seq OWNED BY public.social_auth_usersocialauth.id;


--
-- Name: id; Type: DEFAULT; Schema: public; Owner: liz
--

ALTER TABLE ONLY public.auth_group ALTER COLUMN id SET DEFAULT nextval('public.auth_group_id_seq'::regclass);


--
-- Name: id; Type: DEFAULT; Schema: public; Owner: liz
--

ALTER TABLE ONLY public.auth_group_permissions ALTER COLUMN id SET DEFAULT nextval('public.auth_group_permissions_id_seq'::regclass);


--
-- Name: id; Type: DEFAULT; Schema: public; Owner: liz
--

ALTER TABLE ONLY public.auth_permission ALTER COLUMN id SET DEFAULT nextval('public.auth_permission_id_seq'::regclass);


--
-- Name: id; Type: DEFAULT; Schema: public; Owner: liz
--

ALTER TABLE ONLY public.auth_user ALTER COLUMN id SET DEFAULT nextval('public.auth_user_id_seq'::regclass);


--
-- Name: id; Type: DEFAULT; Schema: public; Owner: liz
--

ALTER TABLE ONLY public.auth_user_groups ALTER COLUMN id SET DEFAULT nextval('public.auth_user_groups_id_seq'::regclass);


--
-- Name: id; Type: DEFAULT; Schema: public; Owner: liz
--

ALTER TABLE ONLY public.auth_user_user_permissions ALTER COLUMN id SET DEFAULT nextval('public.auth_user_user_permissions_id_seq'::regclass);


--
-- Name: id; Type: DEFAULT; Schema: public; Owner: liz
--

ALTER TABLE ONLY public.django_admin_log ALTER COLUMN id SET DEFAULT nextval('public.django_admin_log_id_seq'::regclass);


--
-- Name: id; Type: DEFAULT; Schema: public; Owner: liz
--

ALTER TABLE ONLY public.django_content_type ALTER COLUMN id SET DEFAULT nextval('public.django_content_type_id_seq'::regclass);


--
-- Name: id; Type: DEFAULT; Schema: public; Owner: liz
--

ALTER TABLE ONLY public.django_migrations ALTER COLUMN id SET DEFAULT nextval('public.django_migrations_id_seq'::regclass);


--
-- Name: id; Type: DEFAULT; Schema: public; Owner: liz
--

ALTER TABLE ONLY public.farmapp_detect ALTER COLUMN id SET DEFAULT nextval('public.farmapp_detect_id_seq'::regclass);


--
-- Name: id; Type: DEFAULT; Schema: public; Owner: liz
--

ALTER TABLE ONLY public.farmapp_diseases ALTER COLUMN id SET DEFAULT nextval('public.farmapp_diseases_id_seq'::regclass);


--
-- Name: id; Type: DEFAULT; Schema: public; Owner: liz
--

ALTER TABLE ONLY public.farmapp_image ALTER COLUMN id SET DEFAULT nextval('public.farmapp_image_id_seq'::regclass);


--
-- Name: id; Type: DEFAULT; Schema: public; Owner: liz
--

ALTER TABLE ONLY public.farmapp_profile ALTER COLUMN id SET DEFAULT nextval('public.farmapp_profile_id_seq'::regclass);


--
-- Name: id; Type: DEFAULT; Schema: public; Owner: liz
--

ALTER TABLE ONLY public.social_auth_association ALTER COLUMN id SET DEFAULT nextval('public.social_auth_association_id_seq'::regclass);


--
-- Name: id; Type: DEFAULT; Schema: public; Owner: liz
--

ALTER TABLE ONLY public.social_auth_code ALTER COLUMN id SET DEFAULT nextval('public.social_auth_code_id_seq'::regclass);


--
-- Name: id; Type: DEFAULT; Schema: public; Owner: liz
--

ALTER TABLE ONLY public.social_auth_nonce ALTER COLUMN id SET DEFAULT nextval('public.social_auth_nonce_id_seq'::regclass);


--
-- Name: id; Type: DEFAULT; Schema: public; Owner: liz
--

ALTER TABLE ONLY public.social_auth_partial ALTER COLUMN id SET DEFAULT nextval('public.social_auth_partial_id_seq'::regclass);


--
-- Name: id; Type: DEFAULT; Schema: public; Owner: liz
--

ALTER TABLE ONLY public.social_auth_usersocialauth ALTER COLUMN id SET DEFAULT nextval('public.social_auth_usersocialauth_id_seq'::regclass);


--
-- Data for Name: auth_group; Type: TABLE DATA; Schema: public; Owner: liz
--

COPY public.auth_group (id, name) FROM stdin;
\.


--
-- Name: auth_group_id_seq; Type: SEQUENCE SET; Schema: public; Owner: liz
--

SELECT pg_catalog.setval('public.auth_group_id_seq', 1, false);


--
-- Data for Name: auth_group_permissions; Type: TABLE DATA; Schema: public; Owner: liz
--

COPY public.auth_group_permissions (id, group_id, permission_id) FROM stdin;
\.


--
-- Name: auth_group_permissions_id_seq; Type: SEQUENCE SET; Schema: public; Owner: liz
--

SELECT pg_catalog.setval('public.auth_group_permissions_id_seq', 1, false);


--
-- Data for Name: auth_permission; Type: TABLE DATA; Schema: public; Owner: liz
--

COPY public.auth_permission (id, name, content_type_id, codename) FROM stdin;
1	Can add image	1	add_image
2	Can change image	1	change_image
3	Can delete image	1	delete_image
4	Can add profile	2	add_profile
5	Can change profile	2	change_profile
6	Can delete profile	2	delete_profile
7	Can add log entry	3	add_logentry
8	Can change log entry	3	change_logentry
9	Can delete log entry	3	delete_logentry
10	Can add permission	4	add_permission
11	Can change permission	4	change_permission
12	Can delete permission	4	delete_permission
13	Can add group	5	add_group
14	Can change group	5	change_group
15	Can delete group	5	delete_group
16	Can add user	6	add_user
17	Can change user	6	change_user
18	Can delete user	6	delete_user
19	Can add content type	7	add_contenttype
20	Can change content type	7	change_contenttype
21	Can delete content type	7	delete_contenttype
22	Can add session	8	add_session
23	Can change session	8	change_session
24	Can delete session	8	delete_session
25	Can add association	9	add_association
26	Can change association	9	change_association
27	Can delete association	9	delete_association
28	Can add code	10	add_code
29	Can change code	10	change_code
30	Can delete code	10	delete_code
31	Can add nonce	11	add_nonce
32	Can change nonce	11	change_nonce
33	Can delete nonce	11	delete_nonce
34	Can add user social auth	12	add_usersocialauth
35	Can change user social auth	12	change_usersocialauth
36	Can delete user social auth	12	delete_usersocialauth
37	Can add partial	13	add_partial
38	Can change partial	13	change_partial
39	Can delete partial	13	delete_partial
40	Can add diseases	14	add_diseases
41	Can change diseases	14	change_diseases
42	Can delete diseases	14	delete_diseases
43	Can add detect	15	add_detect
44	Can change detect	15	change_detect
45	Can delete detect	15	delete_detect
\.


--
-- Name: auth_permission_id_seq; Type: SEQUENCE SET; Schema: public; Owner: liz
--

SELECT pg_catalog.setval('public.auth_permission_id_seq', 45, true);


--
-- Data for Name: auth_user; Type: TABLE DATA; Schema: public; Owner: liz
--

COPY public.auth_user (id, password, last_login, is_superuser, username, first_name, last_name, email, is_staff, is_active, date_joined) FROM stdin;
1	!2EkbmUPuzlDTNqcQIvgg1w7ElWcqpoQaD8e7EDGv	2018-08-22 18:30:42.761401+03	f	wanjirun240	Wanjiiru	l	wanjirun240@gmail.com	f	t	2018-08-22 18:30:42.718447+03
2	pbkdf2_sha256$36000$1hcXPRrux0Gh$5/7LwntYfwbil7r9EMwzGsYAnncPT738c3TL5t7dXc8=	2018-08-24 10:58:00.138188+03	t	liz			A@f.com	t	t	2018-08-24 10:57:56.253587+03
\.


--
-- Data for Name: auth_user_groups; Type: TABLE DATA; Schema: public; Owner: liz
--

COPY public.auth_user_groups (id, user_id, group_id) FROM stdin;
\.


--
-- Name: auth_user_groups_id_seq; Type: SEQUENCE SET; Schema: public; Owner: liz
--

SELECT pg_catalog.setval('public.auth_user_groups_id_seq', 1, false);


--
-- Name: auth_user_id_seq; Type: SEQUENCE SET; Schema: public; Owner: liz
--

SELECT pg_catalog.setval('public.auth_user_id_seq', 2, true);


--
-- Data for Name: auth_user_user_permissions; Type: TABLE DATA; Schema: public; Owner: liz
--

COPY public.auth_user_user_permissions (id, user_id, permission_id) FROM stdin;
\.


--
-- Name: auth_user_user_permissions_id_seq; Type: SEQUENCE SET; Schema: public; Owner: liz
--

SELECT pg_catalog.setval('public.auth_user_user_permissions_id_seq', 1, false);


--
-- Data for Name: django_admin_log; Type: TABLE DATA; Schema: public; Owner: liz
--

COPY public.django_admin_log (id, action_time, object_id, object_repr, action_flag, change_message, content_type_id, user_id) FROM stdin;
1	2018-08-24 11:04:39.502038+03	1	Diseases object	1	[{"added": {}}]	14	2
2	2018-08-24 11:11:18.083674+03	1	Grey leaf Spot	2	[{"changed": {"fields": ["control"]}}]	14	2
3	2018-08-24 15:09:12.106126+03	1	Grey leaf Spot	2	[{"changed": {"fields": ["control", "symptoms"]}}]	14	2
4	2018-08-24 15:10:46.865767+03	2	Leaf Blights	1	[{"added": {}}]	14	2
5	2018-08-24 15:12:10.485027+03	3	Maize Streak Virus	1	[{"added": {}}]	14	2
6	2018-08-24 15:13:52.513241+03	3	Maize Rusts	2	[{"changed": {"fields": ["name", "Image", "control", "symptoms"]}}]	14	2
7	2018-08-24 15:15:23.961104+03	4	Maize Smut	1	[{"added": {}}]	14	2
8	2018-08-24 15:16:34.597546+03	5	Maize Streak Virus	1	[{"added": {}}]	14	2
\.


--
-- Name: django_admin_log_id_seq; Type: SEQUENCE SET; Schema: public; Owner: liz
--

SELECT pg_catalog.setval('public.django_admin_log_id_seq', 8, true);


--
-- Data for Name: django_content_type; Type: TABLE DATA; Schema: public; Owner: liz
--

COPY public.django_content_type (id, app_label, model) FROM stdin;
1	farmapp	image
2	farmapp	profile
3	admin	logentry
4	auth	permission
5	auth	group
6	auth	user
7	contenttypes	contenttype
8	sessions	session
9	social_django	association
10	social_django	code
11	social_django	nonce
12	social_django	usersocialauth
13	social_django	partial
14	farmapp	diseases
15	farmapp	detect
\.


--
-- Name: django_content_type_id_seq; Type: SEQUENCE SET; Schema: public; Owner: liz
--

SELECT pg_catalog.setval('public.django_content_type_id_seq', 15, true);


--
-- Data for Name: django_migrations; Type: TABLE DATA; Schema: public; Owner: liz
--

COPY public.django_migrations (id, app, name, applied) FROM stdin;
1	contenttypes	0001_initial	2018-08-22 17:51:56.780785+03
2	auth	0001_initial	2018-08-22 17:51:56.871704+03
3	admin	0001_initial	2018-08-22 17:51:56.897452+03
4	admin	0002_logentry_remove_auto_add	2018-08-22 17:51:56.909322+03
5	contenttypes	0002_remove_content_type_name	2018-08-22 17:51:56.931658+03
6	auth	0002_alter_permission_name_max_length	2018-08-22 17:51:56.939324+03
7	auth	0003_alter_user_email_max_length	2018-08-22 17:51:56.95004+03
8	auth	0004_alter_user_username_opts	2018-08-22 17:51:56.960374+03
9	auth	0005_alter_user_last_login_null	2018-08-22 17:51:57.007401+03
10	auth	0006_require_contenttypes_0002	2018-08-22 17:51:57.009763+03
11	auth	0007_alter_validators_add_error_messages	2018-08-22 17:51:57.019338+03
12	auth	0008_alter_user_username_max_length	2018-08-22 17:51:57.034179+03
13	farmapp	0001_initial	2018-08-22 17:51:57.068691+03
14	farmapp	0002_remove_image_owner	2018-08-22 17:51:57.086434+03
15	farmapp	0003_auto_20180822_1747	2018-08-22 17:51:57.102872+03
16	farmapp	0004_auto_20180822_1748	2018-08-22 17:51:57.11376+03
17	sessions	0001_initial	2018-08-22 17:51:57.130788+03
18	farmapp	0002_auto_20180820_1045	2018-08-22 18:29:34.659599+03
19	farmapp	0005_merge_20180822_1829	2018-08-22 18:29:34.662483+03
20	default	0001_initial	2018-08-22 18:29:34.739019+03
21	social_auth	0001_initial	2018-08-22 18:29:34.741061+03
22	default	0002_add_related_name	2018-08-22 18:29:34.759485+03
23	social_auth	0002_add_related_name	2018-08-22 18:29:34.763325+03
24	default	0003_alter_email_max_length	2018-08-22 18:29:34.771847+03
25	social_auth	0003_alter_email_max_length	2018-08-22 18:29:34.774248+03
26	default	0004_auto_20160423_0400	2018-08-22 18:29:34.797187+03
27	social_auth	0004_auto_20160423_0400	2018-08-22 18:29:34.799727+03
28	social_auth	0005_auto_20160727_2333	2018-08-22 18:29:34.810796+03
29	social_django	0006_partial	2018-08-22 18:29:34.828972+03
30	social_django	0007_code_timestamp	2018-08-22 18:29:34.850678+03
31	social_django	0008_partial_timestamp	2018-08-22 18:29:34.873822+03
32	social_django	0002_add_related_name	2018-08-22 18:29:34.878847+03
33	social_django	0004_auto_20160423_0400	2018-08-22 18:29:34.881335+03
34	social_django	0005_auto_20160727_2333	2018-08-22 18:29:34.883753+03
35	social_django	0003_alter_email_max_length	2018-08-22 18:29:34.886234+03
36	social_django	0001_initial	2018-08-22 18:29:34.89044+03
37	farmapp	0006_auto_20180824_1054	2018-08-24 10:54:51.734692+03
38	farmapp	0007_auto_20180824_1507	2018-08-24 15:07:10.346843+03
\.


--
-- Name: django_migrations_id_seq; Type: SEQUENCE SET; Schema: public; Owner: liz
--

SELECT pg_catalog.setval('public.django_migrations_id_seq', 38, true);


--
-- Data for Name: django_session; Type: TABLE DATA; Schema: public; Owner: liz
--

COPY public.django_session (session_key, session_data, expire_date) FROM stdin;
n6bzo64jiwjgsm8v2u7fd0lrz8t9owhw	YjYxZTVkZTlhNTAwODY1NGZhZTZmYjM3MjJiOGRkYjk3MDFmYzg3YTp7Il9hdXRoX3VzZXJfaWQiOiIyIiwiX2F1dGhfdXNlcl9iYWNrZW5kIjoiZGphbmdvLmNvbnRyaWIuYXV0aC5iYWNrZW5kcy5Nb2RlbEJhY2tlbmQiLCJfYXV0aF91c2VyX2hhc2giOiJkM2ZlYjVkMGVlNzY5NjlhYjljNTg2NTk5OTg5Y2Y2OTBlMTZkNDlkIn0=	2018-09-07 10:58:00.145217+03
qo01bh20qfz9meahlqgkyxodg2rta682	ZjRkZTdmZWUyNjcwZGY4MGMxNmQ5NTE0NjEwYTJjMDI0MWMxZjE2Mzp7Im5leHQiOiIvIiwiZ29vZ2xlLW9hdXRoMl9zdGF0ZSI6InVYbUdNQmIwRjJFRG1YdXdZekgzY3JodzE4a3hnODMxIn0=	2018-09-12 08:10:56.031248+03
\.


--
-- Data for Name: farmapp_detect; Type: TABLE DATA; Schema: public; Owner: liz
--

COPY public.farmapp_detect (id, location, disease_id) FROM stdin;
\.


--
-- Name: farmapp_detect_id_seq; Type: SEQUENCE SET; Schema: public; Owner: liz
--

SELECT pg_catalog.setval('public.farmapp_detect_id_seq', 1, false);


--
-- Data for Name: farmapp_diseases; Type: TABLE DATA; Schema: public; Owner: liz
--

COPY public.farmapp_diseases (id, name, "Image", control, symptoms) FROM stdin;
1	Grey leaf Spot	gross/maize_grey_leaf.jpg	Use of tolerant / resistant varieties\r\nGood field sanitation (removal of crop residue after harvest or deep ploughing of crop residues)\r\nUse certified seeds\r\nCrop rotation	They are initially light brownish in colour, and with age they bleach to ashen grey surrounded by narrow light-brownish border. When wet, spore mass is formed on the spots with a light shade.
2	Leaf Blights	gross/maize_blight.jpg	Use of tolerant / resistant varieties\r\nGood field sanitation (removal of crop residue after harvest or deep ploughing of crop residues)\r\nUse certified seeds\r\nCrop rotation	Small yellow dots that become elongated between veins appear. They later become brownish to creamy white in colour with reddish to purplish brown borders. The spots may join together and result in blighting of entire leaves. Silks, portions of the husks and cobs may turn black. A black mould may develop on cobs.
3	Maize Rusts	gross/maize_necrotic.jpg	Use of resistant varieties\r\nCrop rotation\r\nDeep ploughing of crop residue\r\nDestruction of weed Oxalis sp. (an alternate host)	Highland rust produces yellow –brown linear postules on leaves while lowland rust produce light brown postules on upper leave surface.
4	Maize Smut	gross/maize_head_smut.jpg	Use certified seeds\r\nCrop rotation\r\nUse resistant varieties\r\nRogue and destroy by burning the affected plants	The first symptoms become evident when tassels and cobs (ears) appear.\r\nLarge white to black galls on stalks, tassles and ears.\r\nMasses of Black spores are released if galls are opened\r\nThe infested plant to do not produce any grains
5	Maize Streak Virus	gross/maize_streak_virus_tEFzw5s.jpg	Use of tolerant / resistant varieties\r\nEarly rouging\r\nEradication of grass weeds\r\ncontrol vector by spraying with dimethoate, malathion\r\nAvoid overlap of two maize crops\r\nCrop rotation\r\nUse certified maize seed	The virus causes a white to yellowish streaking on the leaves.\r\nThe streaks are very narrow, more or less broken and run parallel along the leaves.\r\nEventually the leaves turn yellow with long lines of green patches\r\nPlants infected at early stage usually do not produce any cobs.\r\nYield losses in East Africa vary between 33 and 55% under natural infection conditions
\.


--
-- Name: farmapp_diseases_id_seq; Type: SEQUENCE SET; Schema: public; Owner: liz
--

SELECT pg_catalog.setval('public.farmapp_diseases_id_seq', 5, true);


--
-- Data for Name: farmapp_image; Type: TABLE DATA; Schema: public; Owner: liz
--

COPY public.farmapp_image (id, location, pic) FROM stdin;
1	Embu County	streak_FAaVWdw.jpg
2	Bungoma County	yes.jpg
3	Kilifi County	streak_skOlx33.jpg
4	Kilifi County	streak_qpINtV4.jpg
5	Kilifi County	streak_MNVjgph.jpg
6	Kilifi County	streak_f86VvGp.jpg
7	Kilifi County	streak_VVnOqAd.jpg
8	Homa Bay County	streak_lbLoZ1H.jpg
9	Homa Bay County	streak_vN5kkUi.jpg
10	Homa Bay County	streak_i1KvXiN.jpg
11	Taita Taveta County	maize_blight.jpg
12	Embu County	streak_BhxsUs6.jpg
13	Kakamega County	streak_rujZr3z.jpg
14	Isiolo County	streak_OjgElpm.jpg
15	Isiolo County	streak_TktegMK.jpg
16	Isiolo County	streak_9M9A6j0.jpg
17	Kisii County	streak_eXTj5pa.jpg
18	Nyamira County	streak_OdUuu0G.jpg
19	Kiambu County	streak_ZjShD7E.jpg
20	Kiambu County	streak_2PKHTMT.jpg
21	Elgeyo Marakwet County	rust_0uf2QqO.jpeg
22	Baringo County	rust_bYgz7aP.jpeg
23	Bomet County	rust_9u3fEq1.jpeg
24	Baringo County	willt.jpeg
25	Baringo County	willt_ryYVrM4.jpeg
26	Baringo County	willt_5mxvbaB.jpeg
27	Baringo County	willt_YL2lTQp.jpeg
28	Baringo County	willt_qQ2Zbm7.jpeg
29	Baringo County	willt_mPJMqzL.jpeg
30	Baringo County	willt_CMqK3iw.jpeg
31	Baringo County	willt_WhrLtUp.jpeg
32	Baringo County	willt_CsRLK0V.jpeg
33	Baringo County	streak_YyTzrzR.jpg
34	Baringo County	streak_helNydj.jpg
35	Baringo County	streak_1lUeglA.jpg
36	Baringo County	streak_nMX7URG.jpg
37	Baringo County	streak_uQ651bO.jpg
38	Baringo County	streak_vndtefw.jpg
39	Baringo County	streak_EcnlxOU.jpg
40	Baringo County	streak_Dh8fsWK.jpg
41	Baringo County	streak_pYYJRP9.jpg
42	Baringo County	streak_mxBcQZ6.jpg
43	Baringo County	streak_vyPgOpa.jpg
44	Baringo County	streak_R8op15M.jpg
45	Baringo County	streak_NpQ9ceC.jpg
46	Busia County	streak_Teq6V4F.jpg
47	Baringo County	streak_ZPpc18n.jpg
48	Bomet County	streak.jpeg
49	Bomet County	smut.jpeg
50	Garissa County	smut_nLbF599.jpeg
51	Embu County	smut_AXwMTJg.jpeg
52	Garissa County	smut.jpeg
53	Nakuru County	smut_7y1LwNl.jpeg
\.


--
-- Name: farmapp_image_id_seq; Type: SEQUENCE SET; Schema: public; Owner: liz
--

SELECT pg_catalog.setval('public.farmapp_image_id_seq', 53, true);


--
-- Data for Name: farmapp_profile; Type: TABLE DATA; Schema: public; Owner: liz
--

COPY public.farmapp_profile (id, email, user_id, bio, location) FROM stdin;
1	\N	1		
2	\N	2		
\.


--
-- Name: farmapp_profile_id_seq; Type: SEQUENCE SET; Schema: public; Owner: liz
--

SELECT pg_catalog.setval('public.farmapp_profile_id_seq', 2, true);


--
-- Data for Name: social_auth_association; Type: TABLE DATA; Schema: public; Owner: liz
--

COPY public.social_auth_association (id, server_url, handle, secret, issued, lifetime, assoc_type) FROM stdin;
\.


--
-- Name: social_auth_association_id_seq; Type: SEQUENCE SET; Schema: public; Owner: liz
--

SELECT pg_catalog.setval('public.social_auth_association_id_seq', 1, false);


--
-- Data for Name: social_auth_code; Type: TABLE DATA; Schema: public; Owner: liz
--

COPY public.social_auth_code (id, email, code, verified, "timestamp") FROM stdin;
\.


--
-- Name: social_auth_code_id_seq; Type: SEQUENCE SET; Schema: public; Owner: liz
--

SELECT pg_catalog.setval('public.social_auth_code_id_seq', 1, false);


--
-- Data for Name: social_auth_nonce; Type: TABLE DATA; Schema: public; Owner: liz
--

COPY public.social_auth_nonce (id, server_url, "timestamp", salt) FROM stdin;
\.


--
-- Name: social_auth_nonce_id_seq; Type: SEQUENCE SET; Schema: public; Owner: liz
--

SELECT pg_catalog.setval('public.social_auth_nonce_id_seq', 1, false);


--
-- Data for Name: social_auth_partial; Type: TABLE DATA; Schema: public; Owner: liz
--

COPY public.social_auth_partial (id, token, next_step, backend, data, "timestamp") FROM stdin;
\.


--
-- Name: social_auth_partial_id_seq; Type: SEQUENCE SET; Schema: public; Owner: liz
--

SELECT pg_catalog.setval('public.social_auth_partial_id_seq', 1, false);


--
-- Data for Name: social_auth_usersocialauth; Type: TABLE DATA; Schema: public; Owner: liz
--

COPY public.social_auth_usersocialauth (id, provider, uid, extra_data, user_id) FROM stdin;
1	google-oauth2	wanjirun240@gmail.com	{"auth_time": 1534951842, "expires": 3600, "token_type": "Bearer", "access_token": "ya29.GlsBBghNKN98xV4-QO6QTjU-A3zKxbnt7V5WBSJaSzbUjnxg6vztgggpZtNuZzd4cEbxH1QoTz3SWbBgAhy6OvKKQpvaIctE3-Uk-fg9CF4mwuEDGa9lJ6ECJTsF"}	1
\.


--
-- Name: social_auth_usersocialauth_id_seq; Type: SEQUENCE SET; Schema: public; Owner: liz
--

SELECT pg_catalog.setval('public.social_auth_usersocialauth_id_seq', 1, true);


--
-- Data for Name: spatial_ref_sys; Type: TABLE DATA; Schema: public; Owner: liz
--

COPY public.spatial_ref_sys  FROM stdin;
\.


--
-- Name: auth_group_name_key; Type: CONSTRAINT; Schema: public; Owner: liz
--

ALTER TABLE ONLY public.auth_group
    ADD CONSTRAINT auth_group_name_key UNIQUE (name);


--
-- Name: auth_group_permissions_group_id_permission_id_0cd325b0_uniq; Type: CONSTRAINT; Schema: public; Owner: liz
--

ALTER TABLE ONLY public.auth_group_permissions
    ADD CONSTRAINT auth_group_permissions_group_id_permission_id_0cd325b0_uniq UNIQUE (group_id, permission_id);


--
-- Name: auth_group_permissions_pkey; Type: CONSTRAINT; Schema: public; Owner: liz
--

ALTER TABLE ONLY public.auth_group_permissions
    ADD CONSTRAINT auth_group_permissions_pkey PRIMARY KEY (id);


--
-- Name: auth_group_pkey; Type: CONSTRAINT; Schema: public; Owner: liz
--

ALTER TABLE ONLY public.auth_group
    ADD CONSTRAINT auth_group_pkey PRIMARY KEY (id);


--
-- Name: auth_permission_content_type_id_codename_01ab375a_uniq; Type: CONSTRAINT; Schema: public; Owner: liz
--

ALTER TABLE ONLY public.auth_permission
    ADD CONSTRAINT auth_permission_content_type_id_codename_01ab375a_uniq UNIQUE (content_type_id, codename);


--
-- Name: auth_permission_pkey; Type: CONSTRAINT; Schema: public; Owner: liz
--

ALTER TABLE ONLY public.auth_permission
    ADD CONSTRAINT auth_permission_pkey PRIMARY KEY (id);


--
-- Name: auth_user_groups_pkey; Type: CONSTRAINT; Schema: public; Owner: liz
--

ALTER TABLE ONLY public.auth_user_groups
    ADD CONSTRAINT auth_user_groups_pkey PRIMARY KEY (id);


--
-- Name: auth_user_groups_user_id_group_id_94350c0c_uniq; Type: CONSTRAINT; Schema: public; Owner: liz
--

ALTER TABLE ONLY public.auth_user_groups
    ADD CONSTRAINT auth_user_groups_user_id_group_id_94350c0c_uniq UNIQUE (user_id, group_id);


--
-- Name: auth_user_pkey; Type: CONSTRAINT; Schema: public; Owner: liz
--

ALTER TABLE ONLY public.auth_user
    ADD CONSTRAINT auth_user_pkey PRIMARY KEY (id);


--
-- Name: auth_user_user_permissions_pkey; Type: CONSTRAINT; Schema: public; Owner: liz
--

ALTER TABLE ONLY public.auth_user_user_permissions
    ADD CONSTRAINT auth_user_user_permissions_pkey PRIMARY KEY (id);


--
-- Name: auth_user_user_permissions_user_id_permission_id_14a6b632_uniq; Type: CONSTRAINT; Schema: public; Owner: liz
--

ALTER TABLE ONLY public.auth_user_user_permissions
    ADD CONSTRAINT auth_user_user_permissions_user_id_permission_id_14a6b632_uniq UNIQUE (user_id, permission_id);


--
-- Name: auth_user_username_key; Type: CONSTRAINT; Schema: public; Owner: liz
--

ALTER TABLE ONLY public.auth_user
    ADD CONSTRAINT auth_user_username_key UNIQUE (username);


--
-- Name: django_admin_log_pkey; Type: CONSTRAINT; Schema: public; Owner: liz
--

ALTER TABLE ONLY public.django_admin_log
    ADD CONSTRAINT django_admin_log_pkey PRIMARY KEY (id);


--
-- Name: django_content_type_app_label_model_76bd3d3b_uniq; Type: CONSTRAINT; Schema: public; Owner: liz
--

ALTER TABLE ONLY public.django_content_type
    ADD CONSTRAINT django_content_type_app_label_model_76bd3d3b_uniq UNIQUE (app_label, model);


--
-- Name: django_content_type_pkey; Type: CONSTRAINT; Schema: public; Owner: liz
--

ALTER TABLE ONLY public.django_content_type
    ADD CONSTRAINT django_content_type_pkey PRIMARY KEY (id);


--
-- Name: django_migrations_pkey; Type: CONSTRAINT; Schema: public; Owner: liz
--

ALTER TABLE ONLY public.django_migrations
    ADD CONSTRAINT django_migrations_pkey PRIMARY KEY (id);


--
-- Name: django_session_pkey; Type: CONSTRAINT; Schema: public; Owner: liz
--

ALTER TABLE ONLY public.django_session
    ADD CONSTRAINT django_session_pkey PRIMARY KEY (session_key);


--
-- Name: farmapp_detect_pkey; Type: CONSTRAINT; Schema: public; Owner: liz
--

ALTER TABLE ONLY public.farmapp_detect
    ADD CONSTRAINT farmapp_detect_pkey PRIMARY KEY (id);


--
-- Name: farmapp_diseases_pkey; Type: CONSTRAINT; Schema: public; Owner: liz
--

ALTER TABLE ONLY public.farmapp_diseases
    ADD CONSTRAINT farmapp_diseases_pkey PRIMARY KEY (id);


--
-- Name: farmapp_image_pkey; Type: CONSTRAINT; Schema: public; Owner: liz
--

ALTER TABLE ONLY public.farmapp_image
    ADD CONSTRAINT farmapp_image_pkey PRIMARY KEY (id);


--
-- Name: farmapp_profile_pkey; Type: CONSTRAINT; Schema: public; Owner: liz
--

ALTER TABLE ONLY public.farmapp_profile
    ADD CONSTRAINT farmapp_profile_pkey PRIMARY KEY (id);


--
-- Name: farmapp_profile_user_id_key; Type: CONSTRAINT; Schema: public; Owner: liz
--

ALTER TABLE ONLY public.farmapp_profile
    ADD CONSTRAINT farmapp_profile_user_id_key UNIQUE (user_id);


--
-- Name: social_auth_association_pkey; Type: CONSTRAINT; Schema: public; Owner: liz
--

ALTER TABLE ONLY public.social_auth_association
    ADD CONSTRAINT social_auth_association_pkey PRIMARY KEY (id);


--
-- Name: social_auth_association_server_url_handle_078befa2_uniq; Type: CONSTRAINT; Schema: public; Owner: liz
--

ALTER TABLE ONLY public.social_auth_association
    ADD CONSTRAINT social_auth_association_server_url_handle_078befa2_uniq UNIQUE (server_url, handle);


--
-- Name: social_auth_code_email_code_801b2d02_uniq; Type: CONSTRAINT; Schema: public; Owner: liz
--

ALTER TABLE ONLY public.social_auth_code
    ADD CONSTRAINT social_auth_code_email_code_801b2d02_uniq UNIQUE (email, code);


--
-- Name: social_auth_code_pkey; Type: CONSTRAINT; Schema: public; Owner: liz
--

ALTER TABLE ONLY public.social_auth_code
    ADD CONSTRAINT social_auth_code_pkey PRIMARY KEY (id);


--
-- Name: social_auth_nonce_pkey; Type: CONSTRAINT; Schema: public; Owner: liz
--

ALTER TABLE ONLY public.social_auth_nonce
    ADD CONSTRAINT social_auth_nonce_pkey PRIMARY KEY (id);


--
-- Name: social_auth_nonce_server_url_timestamp_salt_f6284463_uniq; Type: CONSTRAINT; Schema: public; Owner: liz
--

ALTER TABLE ONLY public.social_auth_nonce
    ADD CONSTRAINT social_auth_nonce_server_url_timestamp_salt_f6284463_uniq UNIQUE (server_url, "timestamp", salt);


--
-- Name: social_auth_partial_pkey; Type: CONSTRAINT; Schema: public; Owner: liz
--

ALTER TABLE ONLY public.social_auth_partial
    ADD CONSTRAINT social_auth_partial_pkey PRIMARY KEY (id);


--
-- Name: social_auth_usersocialauth_pkey; Type: CONSTRAINT; Schema: public; Owner: liz
--

ALTER TABLE ONLY public.social_auth_usersocialauth
    ADD CONSTRAINT social_auth_usersocialauth_pkey PRIMARY KEY (id);


--
-- Name: social_auth_usersocialauth_provider_uid_e6b5e668_uniq; Type: CONSTRAINT; Schema: public; Owner: liz
--

ALTER TABLE ONLY public.social_auth_usersocialauth
    ADD CONSTRAINT social_auth_usersocialauth_provider_uid_e6b5e668_uniq UNIQUE (provider, uid);


--
-- Name: auth_group_name_a6ea08ec_like; Type: INDEX; Schema: public; Owner: liz
--

CREATE INDEX auth_group_name_a6ea08ec_like ON public.auth_group USING btree (name varchar_pattern_ops);


--
-- Name: auth_group_permissions_group_id_b120cbf9; Type: INDEX; Schema: public; Owner: liz
--

CREATE INDEX auth_group_permissions_group_id_b120cbf9 ON public.auth_group_permissions USING btree (group_id);


--
-- Name: auth_group_permissions_permission_id_84c5c92e; Type: INDEX; Schema: public; Owner: liz
--

CREATE INDEX auth_group_permissions_permission_id_84c5c92e ON public.auth_group_permissions USING btree (permission_id);


--
-- Name: auth_permission_content_type_id_2f476e4b; Type: INDEX; Schema: public; Owner: liz
--

CREATE INDEX auth_permission_content_type_id_2f476e4b ON public.auth_permission USING btree (content_type_id);


--
-- Name: auth_user_groups_group_id_97559544; Type: INDEX; Schema: public; Owner: liz
--

CREATE INDEX auth_user_groups_group_id_97559544 ON public.auth_user_groups USING btree (group_id);


--
-- Name: auth_user_groups_user_id_6a12ed8b; Type: INDEX; Schema: public; Owner: liz
--

CREATE INDEX auth_user_groups_user_id_6a12ed8b ON public.auth_user_groups USING btree (user_id);


--
-- Name: auth_user_user_permissions_permission_id_1fbb5f2c; Type: INDEX; Schema: public; Owner: liz
--

CREATE INDEX auth_user_user_permissions_permission_id_1fbb5f2c ON public.auth_user_user_permissions USING btree (permission_id);


--
-- Name: auth_user_user_permissions_user_id_a95ead1b; Type: INDEX; Schema: public; Owner: liz
--

CREATE INDEX auth_user_user_permissions_user_id_a95ead1b ON public.auth_user_user_permissions USING btree (user_id);


--
-- Name: auth_user_username_6821ab7c_like; Type: INDEX; Schema: public; Owner: liz
--

CREATE INDEX auth_user_username_6821ab7c_like ON public.auth_user USING btree (username varchar_pattern_ops);


--
-- Name: django_admin_log_content_type_id_c4bce8eb; Type: INDEX; Schema: public; Owner: liz
--

CREATE INDEX django_admin_log_content_type_id_c4bce8eb ON public.django_admin_log USING btree (content_type_id);


--
-- Name: django_admin_log_user_id_c564eba6; Type: INDEX; Schema: public; Owner: liz
--

CREATE INDEX django_admin_log_user_id_c564eba6 ON public.django_admin_log USING btree (user_id);


--
-- Name: django_session_expire_date_a5c62663; Type: INDEX; Schema: public; Owner: liz
--

CREATE INDEX django_session_expire_date_a5c62663 ON public.django_session USING btree (expire_date);


--
-- Name: django_session_session_key_c0390e0f_like; Type: INDEX; Schema: public; Owner: liz
--

CREATE INDEX django_session_session_key_c0390e0f_like ON public.django_session USING btree (session_key varchar_pattern_ops);


--
-- Name: farmapp_detect_disease_id_20e8965e; Type: INDEX; Schema: public; Owner: liz
--

CREATE INDEX farmapp_detect_disease_id_20e8965e ON public.farmapp_detect USING btree (disease_id);


--
-- Name: social_auth_code_code_a2393167; Type: INDEX; Schema: public; Owner: liz
--

CREATE INDEX social_auth_code_code_a2393167 ON public.social_auth_code USING btree (code);


--
-- Name: social_auth_code_code_a2393167_like; Type: INDEX; Schema: public; Owner: liz
--

CREATE INDEX social_auth_code_code_a2393167_like ON public.social_auth_code USING btree (code varchar_pattern_ops);


--
-- Name: social_auth_code_timestamp_176b341f; Type: INDEX; Schema: public; Owner: liz
--

CREATE INDEX social_auth_code_timestamp_176b341f ON public.social_auth_code USING btree ("timestamp");


--
-- Name: social_auth_partial_timestamp_50f2119f; Type: INDEX; Schema: public; Owner: liz
--

CREATE INDEX social_auth_partial_timestamp_50f2119f ON public.social_auth_partial USING btree ("timestamp");


--
-- Name: social_auth_partial_token_3017fea3; Type: INDEX; Schema: public; Owner: liz
--

CREATE INDEX social_auth_partial_token_3017fea3 ON public.social_auth_partial USING btree (token);


--
-- Name: social_auth_partial_token_3017fea3_like; Type: INDEX; Schema: public; Owner: liz
--

CREATE INDEX social_auth_partial_token_3017fea3_like ON public.social_auth_partial USING btree (token varchar_pattern_ops);


--
-- Name: social_auth_usersocialauth_user_id_17d28448; Type: INDEX; Schema: public; Owner: liz
--

CREATE INDEX social_auth_usersocialauth_user_id_17d28448 ON public.social_auth_usersocialauth USING btree (user_id);


--
-- Name: auth_group_permissio_permission_id_84c5c92e_fk_auth_perm; Type: FK CONSTRAINT; Schema: public; Owner: liz
--

ALTER TABLE ONLY public.auth_group_permissions
    ADD CONSTRAINT auth_group_permissio_permission_id_84c5c92e_fk_auth_perm FOREIGN KEY (permission_id) REFERENCES public.auth_permission(id) DEFERRABLE INITIALLY DEFERRED;


--
-- Name: auth_group_permissions_group_id_b120cbf9_fk_auth_group_id; Type: FK CONSTRAINT; Schema: public; Owner: liz
--

ALTER TABLE ONLY public.auth_group_permissions
    ADD CONSTRAINT auth_group_permissions_group_id_b120cbf9_fk_auth_group_id FOREIGN KEY (group_id) REFERENCES public.auth_group(id) DEFERRABLE INITIALLY DEFERRED;


--
-- Name: auth_permission_content_type_id_2f476e4b_fk_django_co; Type: FK CONSTRAINT; Schema: public; Owner: liz
--

ALTER TABLE ONLY public.auth_permission
    ADD CONSTRAINT auth_permission_content_type_id_2f476e4b_fk_django_co FOREIGN KEY (content_type_id) REFERENCES public.django_content_type(id) DEFERRABLE INITIALLY DEFERRED;


--
-- Name: auth_user_groups_group_id_97559544_fk_auth_group_id; Type: FK CONSTRAINT; Schema: public; Owner: liz
--

ALTER TABLE ONLY public.auth_user_groups
    ADD CONSTRAINT auth_user_groups_group_id_97559544_fk_auth_group_id FOREIGN KEY (group_id) REFERENCES public.auth_group(id) DEFERRABLE INITIALLY DEFERRED;


--
-- Name: auth_user_groups_user_id_6a12ed8b_fk_auth_user_id; Type: FK CONSTRAINT; Schema: public; Owner: liz
--

ALTER TABLE ONLY public.auth_user_groups
    ADD CONSTRAINT auth_user_groups_user_id_6a12ed8b_fk_auth_user_id FOREIGN KEY (user_id) REFERENCES public.auth_user(id) DEFERRABLE INITIALLY DEFERRED;


--
-- Name: auth_user_user_permi_permission_id_1fbb5f2c_fk_auth_perm; Type: FK CONSTRAINT; Schema: public; Owner: liz
--

ALTER TABLE ONLY public.auth_user_user_permissions
    ADD CONSTRAINT auth_user_user_permi_permission_id_1fbb5f2c_fk_auth_perm FOREIGN KEY (permission_id) REFERENCES public.auth_permission(id) DEFERRABLE INITIALLY DEFERRED;


--
-- Name: auth_user_user_permissions_user_id_a95ead1b_fk_auth_user_id; Type: FK CONSTRAINT; Schema: public; Owner: liz
--

ALTER TABLE ONLY public.auth_user_user_permissions
    ADD CONSTRAINT auth_user_user_permissions_user_id_a95ead1b_fk_auth_user_id FOREIGN KEY (user_id) REFERENCES public.auth_user(id) DEFERRABLE INITIALLY DEFERRED;


--
-- Name: django_admin_log_content_type_id_c4bce8eb_fk_django_co; Type: FK CONSTRAINT; Schema: public; Owner: liz
--

ALTER TABLE ONLY public.django_admin_log
    ADD CONSTRAINT django_admin_log_content_type_id_c4bce8eb_fk_django_co FOREIGN KEY (content_type_id) REFERENCES public.django_content_type(id) DEFERRABLE INITIALLY DEFERRED;


--
-- Name: django_admin_log_user_id_c564eba6_fk_auth_user_id; Type: FK CONSTRAINT; Schema: public; Owner: liz
--

ALTER TABLE ONLY public.django_admin_log
    ADD CONSTRAINT django_admin_log_user_id_c564eba6_fk_auth_user_id FOREIGN KEY (user_id) REFERENCES public.auth_user(id) DEFERRABLE INITIALLY DEFERRED;


--
-- Name: farmapp_detect_disease_id_20e8965e_fk_farmapp_diseases_id; Type: FK CONSTRAINT; Schema: public; Owner: liz
--

ALTER TABLE ONLY public.farmapp_detect
    ADD CONSTRAINT farmapp_detect_disease_id_20e8965e_fk_farmapp_diseases_id FOREIGN KEY (disease_id) REFERENCES public.farmapp_diseases(id) DEFERRABLE INITIALLY DEFERRED;


--
-- Name: farmapp_profile_user_id_cf34f8d8_fk_auth_user_id; Type: FK CONSTRAINT; Schema: public; Owner: liz
--

ALTER TABLE ONLY public.farmapp_profile
    ADD CONSTRAINT farmapp_profile_user_id_cf34f8d8_fk_auth_user_id FOREIGN KEY (user_id) REFERENCES public.auth_user(id) DEFERRABLE INITIALLY DEFERRED;


--
-- Name: social_auth_usersocialauth_user_id_17d28448_fk_auth_user_id; Type: FK CONSTRAINT; Schema: public; Owner: liz
--

ALTER TABLE ONLY public.social_auth_usersocialauth
    ADD CONSTRAINT social_auth_usersocialauth_user_id_17d28448_fk_auth_user_id FOREIGN KEY (user_id) REFERENCES public.auth_user(id) DEFERRABLE INITIALLY DEFERRED;


--
-- Name: SCHEMA public; Type: ACL; Schema: -; Owner: postgres
--

REVOKE ALL ON SCHEMA public FROM PUBLIC;
REVOKE ALL ON SCHEMA public FROM postgres;
GRANT ALL ON SCHEMA public TO postgres;
GRANT ALL ON SCHEMA public TO PUBLIC;


--
-- PostgreSQL database dump complete
--

